Bundle Opportunities,,,,,,,,,
"Recommended bundle and kit concepts for increasing average order value, reducing decision fatigue, and turning isolated products into routines.",,,,,,,,,
,,,,,,,,,
Bundle Concept,Included Products,Target Customer / Problem,Audience,Offer Type,Suggested Discount Logic,Primary Ecommerce Tactic,Reasoning,Priority,Notes
Pet Hot Spot Rescue Kit,Pet Skin Treatment 4oz + Pet Shampoo + Pet Conditioner,"Dog/cat owner dealing with itchy skin, hot spots, coat irritation",Pet,Problem-solution kit,Bundle value without extreme discount; test 8-12% after margin review,Increase AOV + reduce decision fatigue,Combines hero treatment with maintenance products so customer buys a regimen instead of one jar,High,Strong first bundle candidate.
Pet Coat Care Duo,Pet Shampoo + Pet Conditioner,Pet owner doing routine grooming,Pet,Duo,Small duo savings or free shipping threshold helper,Attachment rate,Natural two-item pair; easy Amazon/website comparison point,High,Good simple offer.
Canine Calm Starter Kit,Pet CBD Oil + CBD Dog Treats,Dog owner looking for calming support,Pet CBD,CBD kit,Savings based on dog size variant,Increase AOV + guided purchase,Pairs daily oil with treat format; mirrors existing wellness combo logic,High,CBD compliance/age gate required.
Senior Dog Comfort Bundle,Pet Skin Treatment + Pet CBD Oil + Diabetic Dog Treats,"Senior dog owner managing comfort, skin, and treats",Pet,Multi-need kit,Moderate bundle savings; no medical disease claims,Cross-category bundling,"Connects topical, ingestible CBD, and treats into a senior pet care story",Medium,Use careful language.
Diabetic Dog Treat Multipack,2-pack / 3-pack Diabetic Dog Treats,Repeat treat buyer,Pet,Multipack,Quantity break by pack count,Repeat purchase + inventory velocity,Treats are replenishable and easy to stock up,High,Great subscription and bulk candidate.
Horse Skin & Coat Care Kit,Horse Skin Care Cream 8oz + UMF Manuka Honey,Horse owner treating larger skin areas,Horse,Niche kit,Bundle savings after margin review,Niche authority + higher cart value,Horse care usually needs larger sizes; kit clarifies what to buy,Medium,Could become seasonal/promotional.
Women’s Manuka Skincare Routine,Restoring Wash + All-in-One Moisturizer + Night Serum + Microderm Scrub,Woman wanting complete routine,Human,Full routine kit,Tiered kit: 3-step and 4-step versions,Increase AOV + regimen framing,Turns individual SKUs into a clear skincare regimen,High,Premium skincare positioning.
Women’s Sensitive Skin Starter Set,Restoring Wash + All-in-One Moisturizer,Sensitive/dry skin shopper unsure where to start,Human,Starter set,"Entry bundle, lower commitment",Conversion starter,Simple low-friction entry bundle avoids overwhelming customers,High,Use reassuring copy.
Men’s Daily Grooming Kit,Men's Wash + Moisturizer + Scrub,Men who want an easy routine,Human / Men,Routine kit,Value pricing or giftable kit,Decision simplification,Men's catalog benefits from fewer choices and obvious routines,High,Add serum for premium upgrade.
Men’s Elite Grooming Routine,Men's Wash + Moisturizer + Scrub + Serum,Higher-value men’s skincare buyer,Human / Men,Premium kit,Savings vs buying separately,AOV lift,Upgrades basic routine to premium routine,Medium,Good gift angle.
Baby Gentle Skin Kit,Baby Wash + Diaper Rash + Skin Care Cream,Parent buying baby care essentials,Baby,Trust kit,Small savings; emphasize routine not discount,Simplifies parent purchase,Two baby products naturally belong together,High,Very careful claims.
Human Hair Care Duo,Manuka Honey Shampoo + Conditioner,Dry scalp/hair care customer,Human,Duo,Duo savings or subscribe/save,Replenishment + attachment,Shampoo and conditioner should rarely be shown in isolation,High,Could have men’s and general variants.
CBD Sleep & Recovery Kit,Sleep Gummies + Intensive Relief Rub + CBD Bath Bomb,Nighttime recovery / relaxation shopper,Human CBD,Use-case kit,CBD kit savings; compliance review,Cross-sell within regulated category,"Connects nighttime format, topical format, and self-care ritual",Medium,Age gate required.
CBD Relief Routine,Full Spectrum CBD Oil + Intensive Relief Rub,CBD shopper comparing internal vs topical support,Human CBD,Two-format kit,Small savings or subscribe option,Cross-sell and education,Helps explain format differences and increases basket size,High,Use compliance-safe phrasing.
CBD Bath Bomb Variety Pack,Choose 3 / 5 / 8 bath bomb scents,Gift/self-care buyer,Human CBD,Build-your-own / variety pack,Quantity discount by count,Giftability + bulk buy,Scent variations are made for variety packs,Medium,Works well as cart add-on.
Build Your Own Skin Trio,Any 3 eligible human skincare items,Customer wants flexibility,Human,Mix-and-match,Buy 3 save modest percent,Basket builder,Lets buyers self-select while still guiding toward larger carts,Medium,Keep exclusions clear.
ResQ Family Care Bundle,One human skincare hero + one pet topical hero,Household that buys for people and pets,Cross-audience,Brand unification kit,Introductory bundle,Communicates unified brand,Shows the merged store promise: people and pets in one cart,Medium,"Great relaunch feature, but validate owner comfort."