SEO and Education Content Map,,,,,,
Recommended educational pages and search-intent pages that support product discovery without overloading product pages with every claim and keyword.,,,,,,
,,,,,,
Content / Keyword Theme,Recommended URL,Related Products,Primary Audience,Priority,Page Type,Reasoning
Organic Dog Hot Spot Treatment,/learn/dog-hot-spots,"Pet Skin Treatment, Pet Shampoo",Pet owner with urgent symptom,High,Problem-led article + product module,Captures search intent before shopper knows product name
CBD for Dog Anxiety / Calm Support,/learn/cbd-for-dog-calm,"Pet CBD Oil, CBD Dog Treats, Canine Bundle",Dog owner comparing CBD options,High,Education + strength/treat selector,Guides regulated purchase without cramming claims into PDP
Manuka Honey Pet Shampoo,/learn/manuka-honey-pet-shampoo,"Pet Shampoo, Pet Conditioner",Pet grooming shopper,Medium,Ingredient page + duo CTA,Turns shampoo into ingredient-led authority
Diabetic Dog Treats,/learn/diabetic-dog-treats,Diabetic Dog Treats,Dog owner seeking treats for restricted diet,High,Ingredient/FAQ page + product CTA,High-intent condition-adjacent search; keep copy careful
Organic Manuka Honey Face Wash,/learn/manuka-honey-face-wash,"Restoring Wash, All-in-One Moisturizer",Human skincare shopper,Medium,Ingredient-led skincare article,Connects human skincare to flagship ingredient
Anti-Aging Night Serum,/learn/anti-aging-night-serum,"Night Serum, Moisturizer, Microderm Scrub",Premium skincare shopper,Medium,Routine education + bundle CTA,Supports high-margin serum
Microdermabrasion Scrub,/learn/microdermabrasion-scrub,Women's/Men's Scrubs,Exfoliation shopper,Medium,Usage guide + routine CTA,Helps prevent overuse and cross-sells routine
Natural Eczema Relief / Sensitive Skin Support,/learn/sensitive-skin-manuka-honey,All-in-One Moisturizer,Sensitive skin shopper,High,Compliance-safe education + product CTA,Strong problem search; copy must avoid cure claims
Terpene-Rich CBD Oil,/learn/terpene-rich-cbd-oil,Full Spectrum CBD Oil,CBD buyer comparing oils,High,CBD education + product selector,Supports complex variations
Deep Sleep CBN Gummies,/learn/cbn-cbd-sleep-gummies,Sleep Gummies,Nighttime CBD shopper,Medium,Routine explainer + subscribe CTA,Fits 30-count auto-ship
CBD Intensive Relief Rub,/learn/cbd-intensive-relief-rub,"Relief Rub, CBD Oil",Topical CBD shopper,Medium,Topical vs oil explainer,Supports cross-sell between formats